site,url,title,word,count
IIMA,https://www.iima.ac.in/,IIMA - Indian Institute of Management Ahmedabad,iima,27
IIMA,https://www.iima.ac.in/,IIMA - Indian Institute of Management Ahmedabad,all,19
IIMA,https://www.iima.ac.in/,IIMA - Indian Institute of Management Ahmedabad,view,16
IIMA,https://www.iima.ac.in/,IIMA - Indian Institute of Management Ahmedabad,management,15
IIMA,https://www.iima.ac.in/,IIMA - Indian Institute of Management Ahmedabad,campus,12
IIMA,https://www.iima.ac.in/,IIMA - Indian Institute of Management Ahmedabad,education,9
IIMA,https://www.iima.ac.in/,IIMA - Indian Institute of Management Ahmedabad,india,8
IIMA,https://www.iima.ac.in/,IIMA - Indian Institute of Management Ahmedabad,executive,8
IIMA,https://www.iima.ac.in/,IIMA - Indian Institute of Management Ahmedabad,research,6
IIMA,https://www.iima.ac.in/,IIMA - Indian Institute of Management Ahmedabad,online,6
IIMA,https://www.iima.ac.in/,IIMA - Indian Institute of Management Ahmedabad,admission,6
IIMA,https://www.iima.ac.in/,IIMA - Indian Institute of Management Ahmedabad,mba,6
IIMA,https://www.iima.ac.in/,IIMA - Indian Institute of Management Ahmedabad,global,5
IIMA,https://www.iima.ac.in/,IIMA - Indian Institute of Management Ahmedabad,community,5
IIMA,https://www.iima.ac.in/,IIMA - Indian Institute of Management Ahmedabad,best,5
IIMA,https://www.iima.ac.in/,IIMA - Indian Institute of Management Ahmedabad,st,5
IIMA,https://www.iima.ac.in/,IIMA - Indian Institute of Management Ahmedabad,programme,5
IIMA,https://www.iima.ac.in/,IIMA - Indian Institute of Management Ahmedabad,celebrated,4
IIMA,https://www.iima.ac.in/,IIMA - Indian Institute of Management Ahmedabad,dubai,4
IIMA,https://www.iima.ac.in/,IIMA - Indian Institute of Management Ahmedabad,status,4
IIMA,https://www.iima.ac.in/,IIMA - Indian Institute of Management Ahmedabad,batch,4
IIMA,https://www.iima.ac.in/,IIMA - Indian Institute of Management Ahmedabad,career,4
IIMA,https://www.iima.ac.in/,IIMA - Indian Institute of Management Ahmedabad,year,4
IIMA,https://www.iima.ac.in/,IIMA - Indian Institute of Management Ahmedabad,institute,3
IIMA,https://www.iima.ac.in/,IIMA - Indian Institute of Management Ahmedabad,ahmedabad,3
IIMA,https://www.iima.ac.in/,IIMA - Indian Institute of Management Ahmedabad,work,3
IIMA,https://www.iima.ac.in/,IIMA - Indian Institute of Management Ahmedabad,liability,3
IIMA,https://www.iima.ac.in/,IIMA - Indian Institute of Management Ahmedabad,foreignness,3
IIMA,https://www.iima.ac.in/,IIMA - Indian Institute of Management Ahmedabad,creative,3
IIMA,https://www.iima.ac.in/,IIMA - Indian Institute of Management Ahmedabad,navratri,3
IIMA,https://www.iima.ac.in/,IIMA - Indian Institute of Management Ahmedabad,devotion,3
IIMA,https://www.iima.ac.in/,IIMA - Indian Institute of Management Ahmedabad,joy,3
IIMA,https://www.iima.ac.in/,IIMA - Indian Institute of Management Ahmedabad,award,3
IIMA,https://www.iima.ac.in/,IIMA - Indian Institute of Management Ahmedabad,open,3
IIMA,https://www.iima.ac.in/,IIMA - Indian Institute of Management Ahmedabad,now,3
IIMA,https://www.iima.ac.in/,IIMA - Indian Institute of Management Ahmedabad,go,3
IIMA,https://www.iima.ac.in/,IIMA - Indian Institute of Management Ahmedabad,link,3
IIMA,https://www.iima.ac.in/,IIMA - Indian Institute of Management Ahmedabad,bpgp,3
IIMA,https://www.iima.ac.in/,IIMA - Indian Institute of Management Ahmedabad,fabm,3
IIMA,https://www.iima.ac.in/,IIMA - Indian Institute of Management Ahmedabad,world,3
IIMA,https://www.iima.ac.in/,IIMA - Indian Institute of Management Ahmedabad,sports,3
IIMA,https://www.iima.ac.in/,IIMA - Indian Institute of Management Ahmedabad,facilities,3
IIMA,https://www.iima.ac.in/,IIMA - Indian Institute of Management Ahmedabad,leading,2
IIMA,https://www.iima.ac.in/,IIMA - Indian Institute of Management Ahmedabad,leadership,2
IIMA,https://www.iima.ac.in/,IIMA - Indian Institute of Management Ahmedabad,performance,2
IIMA,https://www.iima.ac.in/,IIMA - Indian Institute of Management Ahmedabad,systems,2
IIMA,https://www.iima.ac.in/,IIMA - Indian Institute of Management Ahmedabad,kumar,2
IIMA,https://www.iima.ac.in/,IIMA - Indian Institute of Management Ahmedabad,crowdsourcing,2
IIMA,https://www.iima.ac.in/,IIMA - Indian Institute of Management Ahmedabad,iim,2
IIMA,https://www.iima.ac.in/,IIMA - Indian Institute of Management Ahmedabad,news,2
IISER_MOHALI,https://www.iisermohali.ac.in/,Home,iiser,23
IISER_MOHALI,https://www.iisermohali.ac.in/,Home,mohali,22
IISER_MOHALI,https://www.iisermohali.ac.in/,Home,sciences,18
IISER_MOHALI,https://www.iisermohali.ac.in/,Home,dr,11
IISER_MOHALI,https://www.iisermohali.ac.in/,Home,day,10
IISER_MOHALI,https://www.iisermohali.ac.in/,Home,th,9
IISER_MOHALI,https://www.iisermohali.ac.in/,Home,gallery,9
IISER_MOHALI,https://www.iisermohali.ac.in/,Home,prof,9
IISER_MOHALI,https://www.iisermohali.ac.in/,Home,department,9
IISER_MOHALI,https://www.iisermohali.ac.in/,Home,science,8
IISER_MOHALI,https://www.iisermohali.ac.in/,Home,research,8
IISER_MOHALI,https://www.iisermohali.ac.in/,Home,regular,8
IISER_MOHALI,https://www.iisermohali.ac.in/,Home,researchnews,7
IISER_MOHALI,https://www.iisermohali.ac.in/,Home,institute,7
IISER_MOHALI,https://www.iisermohali.ac.in/,Home,students,6
IISER_MOHALI,https://www.iisermohali.ac.in/,Home,may,6
IISER_MOHALI,https://www.iisermohali.ac.in/,Home,phd,6
IISER_MOHALI,https://www.iisermohali.ac.in/,Home,committee,6
IISER_MOHALI,https://www.iisermohali.ac.in/,Home,event,5
IISER_MOHALI,https://www.iisermohali.ac.in/,Home,international,5
IISER_MOHALI,https://www.iisermohali.ac.in/,Home,faculty,5
IISER_MOHALI,https://www.iisermohali.ac.in/,Home,chemical,5
IISER_MOHALI,https://www.iisermohali.ac.in/,Home,october,5
IISER_MOHALI,https://www.iisermohali.ac.in/,Home,dec,5
IISER_MOHALI,https://www.iisermohali.ac.in/,Home,am,5
IISER_MOHALI,https://www.iisermohali.ac.in/,Home,celebration,4
IISER_MOHALI,https://www.iisermohali.ac.in/,Home,view,4
IISER_MOHALI,https://www.iisermohali.ac.in/,Home,press,4
IISER_MOHALI,https://www.iisermohali.ac.in/,Home,release,4
IISER_MOHALI,https://www.iisermohali.ac.in/,Home,india,4
IISER_MOHALI,https://www.iisermohali.ac.in/,Home,professor,4
IISER_MOHALI,https://www.iisermohali.ac.in/,Home,rama,4
IISER_MOHALI,https://www.iisermohali.ac.in/,Home,sastry,4
IISER_MOHALI,https://www.iisermohali.ac.in/,Home,work,4
IISER_MOHALI,https://www.iisermohali.ac.in/,Home,program,4
IISER_MOHALI,https://www.iisermohali.ac.in/,Home,indian,4
IISER_MOHALI,https://www.iisermohali.ac.in/,Home,calendar,4
IISER_MOHALI,https://www.iisermohali.ac.in/,Home,news,4
IISER_MOHALI,https://www.iisermohali.ac.in/,Home,nirf,3
IISER_MOHALI,https://www.iisermohali.ac.in/,Home,careers,3
IISER_MOHALI,https://www.iisermohali.ac.in/,Home,independence,3
IISER_MOHALI,https://www.iisermohali.ac.in/,Home,yoga,3
IISER_MOHALI,https://www.iisermohali.ac.in/,Home,hon'ble,3
IISER_MOHALI,https://www.iisermohali.ac.in/,Home,vice,3
IISER_MOHALI,https://www.iisermohali.ac.in/,Home,president,3
IISER_MOHALI,https://www.iisermohali.ac.in/,Home,congratulate,3
IISER_MOHALI,https://www.iisermohali.ac.in/,Home,moa,3
IISER_MOHALI,https://www.iisermohali.ac.in/,Home,january,3
IISER_MOHALI,https://www.iisermohali.ac.in/,Home,biological,3
IISER_MOHALI,https://www.iisermohali.ac.in/,Home,earth,3
